user_name,stim_index,stim_x,stim_y,x_deg,y_deg,stim_ecc_deg,target_quadrant,result
test_subject,1,960,22,0.0,18.231882995014615,18.231882995014615,,PASS
test_subject,2,1898,22,30.353239720171867,18.231882995014615,35.40791887493703,1.0,PASS
test_subject,3,22,22,-30.353239720171867,18.231882995014615,35.40791887493703,2.0,PASS
test_subject,4,1898,1058,30.353239720171867,-18.231882995014615,35.40791887493703,4.0,PASS
test_subject,5,22,1058,-30.353239720171867,-18.231882995014615,35.40791887493703,3.0,PASS
test_subject,6,1898,540,30.353239720171867,0.0,30.353239720171867,,PASS
test_subject,7,22,540,-30.353239720171867,0.0,30.353239720171867,,PASS
test_subject,8,960,1058,0.0,-18.231882995014615,18.231882995014615,,PASS
test_subject,9,960,540,0.0,0.0,0.0,,PASS
